{
  "scrollTop": 720,
  "canvasTop": 0,
  "px": 77.0625,
  "py": 773.475,
  "frameY": 26.737499999999997,
  "frameH": 53.474999999999994
}